
INSERT INTO member(member_id, email, name, password, role, username) VALUES (1,'csw@naver.com','student1','$2a$10$kc8.WLjETBDyK7.Z9eVy6OEeh4ydJVbsnK04OLHuuucgsRPnI4jiW','ROLE_STUDENT','student1' ),(2, 'csw@naver.com','student2','$2a$10$Y16KmYr1CCANwS0cUt4/3u/3bnkMEBQpCFpRdYwlTL7zA0VGiHvz.','ROLE_STUDENT','student2'),(3, 'csw@naver.com','student3','$2a$10$OqrZe2n7eh3SxCv76jhZo.2BTCcwFbbE9rOPq9wyDDLnRBkI2Lgju','ROLE_STUDENT','student3');

INSERT INTO voca_list(voca_list_id, voca_list_name, description) VALUES (1, '유의어', '유의어 단어장'), (2, '능률4-6','능률보카 day4,5,6');

INSERT INTO voca_list_content(voca_content_id, word, meaning, voca_list_id) VALUES (1,'turbulent ','소란스러운, 교란된','1'),(2,'tumult ','소란, 소동, 소요','1'),(3,'turmoil ','소란, 혼란, 소동','1'),(4,'uproar ','소란, 소동, 법석','1'),(5,'bustle ','야단법석, 소란','1'),(6,'disgusting ','메스꺼운, 역겨운','1'),(7,'sickening ','구역질나는, 메스꺼운','1'),(8,'disagreeable ','불쾌한, 비위 거슬리는','1'),(9,'nasty ','구역질나는, 역겨운','1'),(10,'nauseating ','욕지기나는','1'),(11,'obnoxious ','비위 상하는, 불쾌한','1'),(12,'repulsive ','불쾌한, 혐오감을 주는','1'),(13,'repellent ','불쾌한, 혐오감을 주는','1'),(14,'repugnant ','역겨운; 반항․반대하는','1'),(15,'revolting ','반란하는; 역겨운','1'),(16,'injurious ','해로운, 유해한','1'),(17,'deleterious ','해로운; 유독한','1'),(18,'detrimental ','해로운','1'),(19,'nocuous ','유해한','1'),(20,'noxious ','유해한, 유독한','1'),(21,'pernicious ','유해한, 유독한','1'),(22,'lethal ','죽음의, 치명적인','1'),(23,'fatal ','치명적인; 운명의','1'),(24,'obedient ','순종하는, 고분고분한','1'),(25,'subordinate ','종속적인, 부하의','1'),(26,'tame ','길들여진; 유순한; 길들이다','1'),(27,'flexible ','유연한; 유순한; 융통성 있는','1'),(28,'compliant ','고분고분한','1'),(29,'acquiescent ','순종하는','1'),(30,'submissive ','순종하는','1'),(31,'tractable ','순종하는, 유순한','1'),(32,'docile ','온순한, 유순한','1'),(33,'supple ','유연한; 유순한','1'),(34,'ductile ','유연한; 유순한, 고분고분한','1'),(35,'disobedient ','순종하지 않는','1'),(36,'rebellious ','반란하는','1'),(37,'insubordinate ','순종하지 않는','1'),(38,'defiant ','도전하는, 반항하는','1'),(39,'repugnant ','역겨운; 반항․반대하는','1'),(40,'revolting ','반란하는; 역겨운','1'),(41,'insurgent ','반란하는','1'),(42,'inflexible ','굽히지 않는, 완고한','1'),(43,'opinionated ','완고한','1'),(44,'persistent ','고집 센; 영속하는','1'),(45,'diehard ','완강한, 완고한','1'),(46,'wayward ','말 안 듣는, 고집 센','1'),(47,'obstinate ','완고한, 고집 센','1'),(48,'tenacious ','고집하는, 집요한, 완강한','1'),(49,'stubborn ','완고한, 고집 센','1'),(50,'intractable ','완고한, 고집 센; 난치의','1'),(51,'bullheaded ','완고한, 고집 센','1'),(52,'dogged ','완고한, 끈덕진','1'),(53,'bigoted ','완고한, 고집불통의','1'),(54,'unconquerable ','정복할 수 없는','1'),(55,'insuperable ','이기기 어려운','1'),(56,'insurmountable ','이겨내기 어려운','1'),(57,'invincible ','정복할 수 없는','1'),(58,'indomitable ','굴복하지 않는, 불굴의','1'),(59,'impregnable ','난공불락의','1'),(60,'variable ','변하기 쉬운','1'),(61,'mutable ','변하기 쉬운','1'),(62,'moody ','변덕스러운; 우울한','1'),(63,'capricious ','변덕스러운','1'),(64,'arbitrary ','변덕스러운; 독단적인','1'),(65,'volatile ','휘발성의; 변덕스런; 쉬 흥분하는','1'),(66,'fickle ','변하기 쉬운','1'),(67,'whimsical ','변덕스러운','1'),(68,'erratic ','산만한, 변덕스러운','1'),(69,'desultory ','산만한, 변덕스러운','1'),(70,'vagrant ','방랑하는; 변하기 쉬운','1'),(71,'rigid ','엄격한, 엄밀한','1'),(72,'rigorous ','엄한, 엄격한','1'),(73,'severe ','엄격한; 심한; 혹독한','1'),(74,'harsh ','거친; 가혹한; 엄한','1'),(75,'stern ','엄격한, 단호한','1'),(76,'strict ','엄격한, 엄밀한','1'),(77,'stringent ','엄중한','1'),(78,'grim ','엄한, 엄격한; 잔인한, 냉혹한','1'),(79,'puritanical ','청교도적인, 금욕적인','1'),(80,'stoic ','극기의, 금욕의','1'),(81,'abstinent ','절제하는, 금욕적인','1'),(82,'continent ','절제하는, 자제하는','1'),(83,'temperate ','절제하는; 적당한, 알맞은','1'),(84,'moderate ','절제하는; 알맞은, 적당한','1'),(85,'greedy ','욕심 많은, 탐욕스러운','1'),(86,'insatiable ','탐욕스러운','1'),(87,'acquisitive ','탐내는, 욕심 많은','1'),(88,'voracious ','게걸스레 먹는; 탐욕적인','1'),(89,'covetous ','몹시 탐내는, 탐욕스러운','1'),(90,'avaricious ','욕심 많은, 탐욕스러운','1'),(91,'avid ','욕심 많은, 탐욕스러운','1'),(92,'distinguished ','두드러진; 저명한','1'),(93,'marked ','현저한, 저명한','1'),(94,'renowned ','유명한, 명성 있는','1'),(95,'outstanding ','눈에 띄는; 미해결된','1'),(96,'remarkable ','주목할 만한','1'),(97,'striking ','현저한, 두드러진','1'),(98,'conspicuous ','명백한; 현저․저명한','1'),(99,'illustrious ','빛나는; 저명한, 유명한','1'),(100,'eminent ','저명한, 두드러진','1');

INSERT INTO voca_list_content(voca_content_id, word, meaning, voca_list_id) VALUES (101,'aboard','배위에, 기내에, 찻간에',2),(102,'abroad','외국에, 해외로',2),(103,'akin','동족의, 동종의, 유사한',2),(104,'alike','서로같은, 비슷한',2),(105,'annual','해마다의',2),(106,'ashore','해변에, 기슭에',2),(107,'aside','옆(곁)에, 떨어져서',2),(108,'emotion','감정, 정서',2),(109,'exaggerate','과장하다',2),(110,'exaggeration','과장',2),(111,'exchange','교환하다, 환전',2),(112,'exclaim','외치다, 큰소리로 말하다',2),(113,'exclamation','외침, 절규',2),(114,'export','수출하다',2),(115,'expose','노출시키다, 드러내다',2),(116,'exposition','전시회, 박람회',2),(117,'exposure','노출, 폭로',2),(118,'extracurricular','과외의, 정규교과과정 이외의',2),(119,'extraordinary','이상한, 비범한',2),(120,'ordinary','보통의, 통상의',2),(121,'outcome','결과, 성과',2),(122,'outdo','...보다 뛰어나다, ...을 능가하다',2),(123,'outlet','(가스,액체등의)배출구',2),(124,'outline','윤곽, 외형',2),(125,'outlook','전망, 가망',2),(126,'output','생산(고), 생산품, 산출',2),(127,'outskirts','교외, 변두리',2),(128,'outstanding','두드러진, 뛰어난',2),(129,'skirt','(물건의)가장자리, 치마',2),(130,'utmost','극도의, 최대의',2),(131,'utter','(소리등을)내다, 말하다',2),(132,'utterance','말로 표현하기, 말씨',2),(133,'abandon','(사람,고향)버리다, 떠나다',2),(134,'accompany','동행(동반)하다',2),(135,'account','구좌, 계산',2),(136,'accumulate','(돈재산)축적하다, 쌓다',2),(137,'accuse','(범죄)고발하다',2),(138,'accustom','습관들이다, 길들게 하다',2),(139,'adjust','조절하다, 조정하다',2),(140,'appoint','임명(지명)하다',2),(141,'approach','접근하다, 다가가다',2),(142,'arrogant','거만(오만)한',2),(143,'await','기다리다, 대기하다',2),(144,'interfere','방해하다, 간섭하다',2),(145,'international','국제적인, 국가간의',2),(146,'interrupt','(일시적)중단시키다, 방해하다',2),(147,'observe','관찰하다, 알아채다',2),(148,'obtain','(노력에의해)획득하다, 얻다',2),(149,'occur','일어나다, (마음에)떠오르다',2),(150,'antarctic','남극의',2),(151,'antibiotic','항생물질',2),(152,'antipollution','공해방지의, 공해반대의',2),(153,'contradict','반박하다, ...와 모순되다',2),(154,'contrary','..와 반대의',2),(155,'counterattack','반격, 역습',2),(156,'dialect','방언의, 사투리',2),(157,'dialog','대화, 문답, 회화',2),(158,'diameter','지름, 직경',2),(159,'disadvantage','불리, 손실, 손해',2),(160,'disagree','(의견이)다르다',2),(161,'disappear','사라지다, 없어지다',2),(162,'disapprove','동의(찬성)하지 않다',2),(163,'discourage','낙담(실망)시키다',2),(164,'dislike','싫어하다',2),(165,'disorder','무질서, 혼란',2),(166,'impersonal','(발언등이)일반적인',2),(167,'inevitable','피할 수 없는, 반드시 일어나는',2),(168,'intolerable','참을 수 없는',2),(169,'irrelevant','적절하지 않은, ...와 관계가 없는',2),(170,'transfer','옮기다, 갈아타다',2),(171,'transform','변형(변화)시키다',2),(172,'translate','번역하다, ...로 해석하다',2),(173,'transparent','투명한, 비치는',2),(174,'transplant','이식하다, 옮겨심다',2);


